{"train_time": 3.4320404529571533, "test_auc": 0.5276962582538518, "test_time": 0.004133939743041992, "test_scores": [[0, 1, 17.445838928222656], [1, 1, 3.7686386108398438], [2, 1, 3.130239248275757], [3, 1, 3.449368476867676], [4, 1, 3.382486581802368], [5, 1, 4.00468635559082], [6, 1, 3.705672264099121], [7, 0, 5.19876766204834], [8, 1, 4.636328220367432], [9, 1, 44.16078186035156], [10, 1, 5.081076622009277], [11, 1, 3.7473697662353516], [12, 1, 5.477555751800537], [13, 1, 21.147478103637695], [14, 1, 5.136987686157227], [15, 1, 2.753640651702881], [16, 0, 4.417421340942383], [17, 1, 3.27465558052063], [18, 1, 5.058967590332031], [19, 1, 4.771107196807861], [20, 1, 4.896764755249023], [21, 1, 2.422200918197632], [22, 1, 2.3537683486938477], [23, 1, 3.8724045753479004], [24, 1, 19.651927947998047], [25, 1, 25.04544448852539], [26, 1, 2.210082530975342], [27, 1, 2.7631025314331055], [28, 1, 3.8606879711151123], [29, 1, 2.9037930965423584], [30, 1, 10.831140518188477], [31, 1, 3.1264114379882812], [32, 1, 4.860799789428711], [33, 1, 1.9335154294967651], [34, 1, 11.773599624633789], [35, 1, 8.722501754760742], [36, 1, 4.091121673583984], [37, 1, 4.362225532531738], [38, 1, 3.911936044692993], [39, 1, 15.7565336227417], [40, 0, 11.284539222717285], [41, 1, 4.699678897857666], [42, 1, 1.3946207761764526], [43, 1, 15.637395858764648], [44, 0, 13.920202255249023], [45, 0, 4.472084999084473], [46, 1, 2.3603456020355225], [47, 1, 3.4227242469787598], [48, 1, 13.064298629760742], [49, 1, 5.798664569854736], [50, 1, 10.179021835327148], [51, 1, 5.067348480224609], [52, 1, 3.9825425148010254], [53, 1, 13.309925079345703], [54, 1, 4.032651901245117], [55, 1, 2.5371813774108887], [56, 1, 23.679645538330078], [57, 1, 2.7974047660827637], [58, 1, 11.379087448120117], [59, 1, 4.35275936126709], [60, 1, 2.0695159435272217], [61, 1, 2.6002912521362305], [62, 1, 3.5387961864471436], [63, 0, 5.477411270141602], [64, 1, 4.692548751831055], [65, 1, 1.9593539237976074], [66, 0, 16.840822219848633], [67, 1, 12.749898910522461], [68, 1, 3.4843788146972656], [69, 1, 5.7554240226745605], [70, 1, 4.499692916870117], [71, 1, 6.517345905303955], [72, 1, 3.5428872108459473], [73, 1, 2.9039995670318604], [74, 1, 2.4703609943389893], [75, 1, 2.252188205718994], [76, 0, 2.8080687522888184], [77, 1, 27.279827117919922], [78, 1, 3.6396970748901367], [79, 1, 3.570343255996704], [80, 1, 1.8631186485290527], [81, 1, 3.5176472663879395], [82, 1, 4.481624603271484], [83, 1, 5.777214050292969], [84, 1, 1.601902723312378], [85, 1, 5.323482513427734], [86, 1, 8.801355361938477], [87, 1, 6.0144147872924805], [88, 1, 3.3190555572509766], [89, 1, 3.666626214981079], [90, 0, 2.339134693145752], [91, 1, 2.983851432800293], [92, 1, 3.672760486602783], [93, 1, 18.810230255126953], [94, 1, 2.304823160171509], [95, 1, 4.4396748542785645], [96, 1, 6.224470615386963], [97, 1, 2.9034714698791504], [98, 1, 3.905137062072754], [99, 0, 4.245081901550293], [100, 1, 10.72098159790039], [101, 1, 4.131647109985352], [102, 1, 7.264167785644531], [103, 1, 14.924320220947266], [104, 1, 5.290999412536621], [105, 1, 5.744617462158203], [106, 1, 3.3948593139648438], [107, 0, 2.916982650756836], [108, 1, 3.205686092376709], [109, 1, 5.213904857635498], [110, 0, 6.254356861114502], [111, 1, 6.233545303344727], [112, 1, 3.2306413650512695], [113, 1, 3.3069822788238525], [114, 0, 5.717160701751709], [115, 1, 9.31030559539795], [116, 1, 3.270477294921875], [117, 0, 19.748760223388672], [118, 1, 7.641629219055176], [119, 1, 3.5569608211517334], [120, 1, 2.125915050506592], [121, 1, 2.4545860290527344], [122, 1, 7.808798789978027], [123, 1, 11.308539390563965], [124, 1, 1.8099071979522705], [125, 1, 10.591739654541016], [126, 1, 24.566650390625], [127, 1, 3.6154611110687256], [128, 1, 5.744307518005371], [129, 1, 2.134584426879883], [130, 1, 5.2225799560546875], [131, 1, 8.283161163330078], [132, 1, 5.274130821228027], [133, 0, 3.078178882598877], [134, 1, 5.244759559631348], [135, 0, 3.147714614868164], [136, 1, 6.2368550300598145], [137, 1, 12.801989555358887], [138, 1, 31.686065673828125], [139, 1, 12.679336547851562], [140, 1, 3.2959492206573486], [141, 0, 7.300617694854736], [142, 1, 4.333670616149902], [143, 0, 2.9059488773345947], [144, 1, 6.060703277587891], [145, 0, 2.9987235069274902], [146, 1, 4.422414779663086], [147, 0, 3.4965991973876953], [148, 1, 4.036581039428711], [149, 1, 11.461532592773438], [150, 0, 4.839589595794678], [151, 1, 6.442150115966797], [152, 1, 12.491375923156738], [153, 1, 2.2903971672058105], [154, 1, 3.6192684173583984], [155, 1, 4.292801380157471], [156, 1, 3.1322054862976074], [157, 1, 7.093109607696533], [158, 1, 2.3173937797546387], [159, 1, 4.09140682220459], [160, 1, 7.533492088317871], [161, 1, 3.3110837936401367], [162, 1, 18.868488311767578], [163, 1, 2.4743494987487793], [164, 0, 2.0157599449157715], [165, 1, 2.5949316024780273], [166, 1, 11.737578392028809], [167, 1, 9.28673267364502], [168, 1, 2.331507444381714], [169, 1, 1.9804399013519287], [170, 1, 10.897439956665039], [171, 1, 2.2803149223327637], [172, 1, 2.279776096343994], [173, 1, 2.6394965648651123], [174, 1, 3.3552865982055664], [175, 1, 17.54128646850586], [176, 1, 12.209627151489258], [177, 1, 2.641460418701172], [178, 0, 4.270364761352539], [179, 1, 4.06498908996582], [180, 1, 10.411584854125977], [181, 1, 8.719655990600586], [182, 1, 9.46422290802002], [183, 1, 3.135468006134033], [184, 0, 3.4739906787872314], [185, 1, 15.025652885437012], [186, 1, 2.475935935974121], [187, 1, 8.10058879852295], [188, 1, 13.135499000549316], [189, 0, 18.386524200439453], [190, 0, 3.578437328338623], [191, 1, 8.260448455810547], [192, 1, 20.024452209472656], [193, 1, 3.547349452972412], [194, 1, 3.9367623329162598], [195, 1, 7.08404541015625], [196, 0, 3.3898208141326904], [197, 1, 6.932924270629883], [198, 0, 1.974513292312622], [199, 0, 9.206402778625488], [200, 0, 2.9105911254882812], [201, 1, 2.279581308364868], [202, 1, 3.1571245193481445], [203, 0, 4.741618633270264], [204, 1, 6.454127788543701], [205, 1, 6.339174270629883], [206, 1, 7.71087646484375], [207, 1, 16.633867263793945], [208, 1, 1.7855136394500732], [209, 1, 3.3858017921447754], [210, 1, 3.0720157623291016], [211, 1, 13.54896354675293], [212, 1, 13.466760635375977], [213, 1, 8.769399642944336], [214, 1, 6.0863237380981445], [215, 0, 11.29796028137207], [216, 1, 4.61314582824707], [217, 0, 8.872329711914062], [218, 1, 5.537416458129883], [219, 1, 15.318521499633789], [220, 1, 8.203241348266602], [221, 1, 7.3992204666137695], [222, 1, 5.81052303314209], [223, 0, 3.1745853424072266], [224, 1, 2.795417070388794], [225, 0, 4.866971969604492], [226, 1, 8.367047309875488], [227, 1, 7.923550128936768], [228, 1, 2.8222105503082275], [229, 1, 3.270825147628784], [230, 1, 7.89408016204834], [231, 1, 7.796592712402344], [232, 1, 2.033365249633789], [233, 1, 3.577451229095459], [234, 0, 8.033783912658691], [235, 1, 9.420059204101562], [236, 1, 3.9677445888519287], [237, 1, 5.38909912109375], [238, 1, 3.319396495819092], [239, 1, 4.3314104080200195], [240, 1, 6.796121597290039], [241, 1, 4.18375301361084], [242, 1, 5.425221920013428], [243, 1, 2.4616360664367676], [244, 1, 3.274235248565674], [245, 1, 7.301762104034424], [246, 1, 3.028395891189575], [247, 1, 13.210430145263672], [248, 1, 18.403858184814453], [249, 0, 2.5363659858703613], [250, 1, 14.281753540039062], [251, 1, 3.3349180221557617], [252, 0, 7.641698837280273], [253, 0, 2.2161922454833984], [254, 1, 4.654903411865234], [255, 1, 2.4376003742218018], [256, 1, 3.3887314796447754], [257, 0, 15.231874465942383], [258, 1, 3.285160541534424], [259, 1, 4.303812503814697], [260, 1, 2.2654330730438232], [261, 1, 10.314752578735352], [262, 1, 12.79901123046875], [263, 0, 5.943593978881836], [264, 1, 3.983616352081299], [265, 1, 9.822517395019531], [266, 1, 2.2689430713653564], [267, 1, 3.7441864013671875], [268, 1, 3.150733232498169], [269, 1, 3.8856558799743652], [270, 0, 4.237518310546875], [271, 1, 4.812506198883057], 