{"train_time": 2.718317747116089, "test_auc": 0.6399831852029786, "test_time": 0.00420069694519043, "test_scores": [[0, 1, 7.00954008102417], [1, 1, 5.00100040435791], [2, 1, 6.189035415649414], [3, 0, 4.799472332000732], [4, 1, 5.474475383758545], [5, 1, 4.89917516708374], [6, 1, 6.794193744659424], [7, 1, 6.819785118103027], [8, 0, 4.987732887268066], [9, 0, 9.165130615234375], [10, 1, 4.547166347503662], [11, 1, 10.916643142700195], [12, 1, 6.127784252166748], [13, 1, 7.811304569244385], [14, 1, 7.198929786682129], [15, 1, 9.956897735595703], [16, 1, 9.889223098754883], [17, 1, 4.391249179840088], [18, 0, 8.628576278686523], [19, 1, 7.678732395172119], [20, 1, 7.4504618644714355], [21, 0, 1.8780672550201416], [22, 1, 4.207910060882568], [23, 0, 4.068183898925781], [24, 0, 5.8892316818237305], [25, 1, 21.14944839477539], [26, 0, 3.132899761199951], [27, 1, 4.608719825744629], [28, 1, 5.012848854064941], [29, 1, 3.814211368560791], [30, 1, 6.646001815795898], [31, 1, 9.082815170288086], [32, 0, 5.176078796386719], [33, 1, 6.67616081237793], [34, 1, 5.96183443069458], [35, 1, 20.04808807373047], [36, 1, 7.980698585510254], [37, 1, 5.404231548309326], [38, 1, 9.462705612182617], [39, 1, 5.204464912414551], [40, 1, 6.389059066772461], [41, 0, 2.493499755859375], [42, 0, 6.121574878692627], [43, 0, 11.895734786987305], [44, 1, 4.924864768981934], [45, 1, 2.859041213989258], [46, 1, 5.441762924194336], [47, 0, 5.051624774932861], [48, 1, 6.835788726806641], [49, 1, 10.996368408203125], [50, 0, 3.868903875350952], [51, 1, 9.336525917053223], [52, 1, 4.577317237854004], [53, 0, 17.660999298095703], [54, 0, 6.387861728668213], [55, 0, 2.348806858062744], [56, 1, 4.577159881591797], [57, 1, 25.452068328857422], [58, 1, 3.613111972808838], [59, 1, 8.144660949707031], [60, 1, 15.921218872070312], [61, 1, 5.814119338989258], [62, 1, 12.579137802124023], [63, 1, 22.690898895263672], [64, 1, 10.410799026489258], [65, 1, 6.119232177734375], [66, 1, 5.611328601837158], [67, 0, 6.69476318359375], [68, 1, 3.8798563480377197], [69, 1, 4.818887233734131], [70, 1, 4.758152961730957], [71, 1, 4.851510524749756], [72, 1, 3.203784942626953], [73, 1, 3.1571929454803467], [74, 1, 6.388908386230469], [75, 0, 13.908819198608398], [76, 1, 4.27755880355835], [77, 1, 5.0728440284729], [78, 1, 11.171241760253906], [79, 1, 6.133705139160156], [80, 0, 2.1168041229248047], [81, 1, 9.803966522216797], [82, 1, 4.864248275756836], [83, 1, 3.7699344158172607], [84, 1, 3.2271668910980225], [85, 0, 5.952605247497559], [86, 0, 5.771345615386963], [87, 1, 7.199624061584473], [88, 0, 11.29432487487793], [89, 1, 4.191976070404053], [90, 1, 8.578643798828125], [91, 0, 3.666283369064331], [92, 1, 4.325318336486816], [93, 1, 13.95162296295166], [94, 1, 18.740375518798828], [95, 1, 3.3229331970214844], [96, 1, 4.7403564453125], [97, 0, 2.96459698677063], [98, 0, 5.387971878051758], [99, 1, 18.72759246826172], [100, 0, 4.424490928649902], [101, 1, 2.75931715965271], [102, 0, 5.354340553283691], [103, 1, 17.548877716064453], [104, 1, 2.9478960037231445], [105, 0, 22.713706970214844], [106, 1, 3.2892305850982666], [107, 1, 4.153328895568848], [108, 1, 6.870577812194824], [109, 1, 13.832128524780273], [110, 1, 6.383518218994141], [111, 0, 4.134775161743164], [112, 1, 8.27149486541748], [113, 1, 4.5590739250183105], [114, 1, 4.054990291595459], [115, 1, 7.613356590270996], [116, 1, 22.505874633789062], [117, 1, 19.166481018066406], [118, 1, 8.848287582397461], [119, 1, 3.4206275939941406], [120, 1, 2.999636173248291], [121, 1, 3.7174882888793945], [122, 0, 2.3861279487609863], [123, 1, 22.091861724853516], [124, 1, 7.946187496185303], [125, 1, 7.3450469970703125], [126, 1, 11.455917358398438], [127, 1, 3.186549425125122], [128, 0, 5.206027030944824], [129, 1, 7.907262325286865], [130, 1, 6.841468811035156], [131, 1, 10.584482192993164], [132, 0, 10.475042343139648], [133, 1, 7.528353214263916], [134, 0, 11.415574073791504], [135, 1, 3.5711512565612793], [136, 1, 5.558300495147705], [137, 1, 2.65139102935791], [138, 1, 9.22334098815918], [139, 0, 2.8324129581451416], [140, 0, 3.1340932846069336], [141, 1, 6.218109607696533], [142, 1, 15.045066833496094], [143, 1, 5.38410758972168], [144, 0, 4.483510494232178], [145, 1, 33.47669219970703], [146, 1, 24.697980880737305], [147, 1, 6.561077117919922], [148, 0, 3.4587161540985107], [149, 0, 2.980471134185791], [150, 1, 8.718935012817383], [151, 1, 5.078837871551514], [152, 0, 3.0106470584869385], [153, 1, 19.195676803588867], [154, 1, 10.486989974975586], [155, 1, 5.470729351043701], [156, 1, 9.20125961303711], [157, 0, 4.896271228790283], [158, 1, 12.160499572753906], [159, 1, 2.701413869857788], [160, 0, 1.8244338035583496], [161, 0, 3.858515977859497], [162, 1, 5.384002208709717], [163, 1, 35.560218811035156], [164, 1, 7.4932780265808105], [165, 1, 4.8425397872924805], [166, 1, 5.684983253479004], [167, 0, 9.643070220947266], [168, 1, 6.362527847290039], [169, 1, 9.420232772827148], [170, 1, 5.688409805297852], [171, 1, 4.130149841308594], [172, 1, 21.86288070678711], [173, 0, 3.668818235397339], [174, 1, 5.2677998542785645], [175, 1, 13.013432502746582], [176, 1, 17.053451538085938], [177, 1, 4.986737251281738], [178, 1, 8.997011184692383], [179, 1, 4.9546003341674805], [180, 1, 3.8484697341918945], [181, 0, 2.359964609146118], [182, 1, 4.08981990814209], [183, 0, 5.687505722045898], [184, 1, 2.441132068634033], [185, 1, 10.507471084594727], [186, 1, 12.037259101867676], [187, 0, 3.5133490562438965], [188, 1, 2.144028902053833], [189, 1, 3.846762180328369], [190, 1, 4.922364234924316], [191, 1, 13.972546577453613], [192, 1, 4.446094512939453], [193, 1, 17.524259567260742], [194, 0, 2.5503294467926025], [195, 1, 12.379501342773438], [196, 1, 20.16408920288086], [197, 1, 6.938438415527344], [198, 1, 5.061274528503418], [199, 1, 2.1647822856903076], [200, 1, 7.084261894226074], [201, 1, 3.6195149421691895], [202, 1, 3.833944320678711], [203, 1, 9.228191375732422], [204, 1, 2.6525774002075195], [205, 1, 5.493375778198242], [206, 1, 7.394266128540039], [207, 1, 7.23494815826416], [208, 0, 4.413238525390625], [209, 0, 9.696439743041992], [210, 1, 4.49170446395874], [211, 1, 5.6945366859436035], [212, 1, 10.652009963989258], [213, 1, 13.648652076721191], [214, 0, 4.458979606628418], [215, 1, 8.737591743469238], [216, 0, 4.046712398529053], [217, 1, 3.5912513732910156], [218, 1, 4.391157627105713], [219, 0, 5.419941425323486], [220, 0, 9.045543670654297], [221, 1, 5.238801002502441], [222, 0, 7.475096702575684], [223, 1, 12.494344711303711], [224, 1, 3.567119598388672], [225, 1, 2.6866097450256348], [226, 1, 4.603487014770508], [227, 0, 15.19965934753418], [228, 1, 12.482426643371582], [229, 1, 4.798824310302734], [230, 1, 4.52524471282959], [231, 1, 12.370183944702148], [232, 0, 2.1682019233703613], [233, 1, 6.836374282836914], [234, 1, 11.881514549255371], [235, 0, 3.531773805618286], [236, 1, 2.552009105682373], [237, 0, 4.656784534454346], [238, 1, 12.961734771728516], [239, 1, 4.461846351623535], [240, 1, 25.085111618041992], [241, 0, 3.488245725631714], [242, 0, 8.216472625732422], [243, 0, 5.5999956130981445], [244, 0, 1.8971295356750488], [245, 1, 30.128833770751953], [246, 0, 4.043865203857422], [247, 0, 3.266005039215088], [248, 0, 3.445260524749756], [249, 1, 6.669284820556641], [250, 1, 18.54601287841797], [251, 1, 2.3673529624938965], [252, 1, 3.2437517642974854], [253, 1, 12.02331256866455], [254, 0, 4.801937103271484], [255, 1, 4.3146209716796875], [256, 1, 3.681119203567505], [257, 1, 3.3044824600219727], [258, 0, 5.026298522949219], [259, 1, 14.262469291687012], [260, 1, 5.8686652183532715], [261, 1, 10.187922477722168], [262, 1, 10.070209503173828], [263, 1, 2.7655529975891113], [264, 1, 3.327711820602417], [265, 0, 3.482064723968506], [266, 0, 2.94400691986084], [267, 1, 11.26510238647461], [268, 1, 7.36462926864624], [269, 0, 3.333279609680176], [270, 1, 12.920642852783203], [271, 0, 4.105159759521484], [272, 0, 5.751034259796143], [273, 1, 