{"train_time": 2.475517988204956, "test_auc": 0.5325142166828722, "test_time": 0.004195451736450195, "test_scores": [[0, 1, 3.968862771987915], [1, 0, 3.3606269359588623], [2, 1, 3.0657763481140137], [3, 1, 2.980106830596924], [4, 1, 3.463273048400879], [5, 1, 3.3536932468414307], [6, 1, 4.461328506469727], [7, 1, 7.421351432800293], [8, 1, 6.855753421783447], [9, 1, 17.610292434692383], [10, 0, 4.243802547454834], [11, 1, 2.0308499336242676], [12, 1, 5.949815273284912], [13, 1, 57.99858474731445], [14, 1, 5.454494476318359], [15, 1, 3.195413589477539], [16, 1, 2.4686098098754883], [17, 1, 8.224601745605469], [18, 1, 6.642084121704102], [19, 1, 13.09016227722168], [20, 1, 6.7627058029174805], [21, 1, 6.787285804748535], [22, 0, 4.206402778625488], [23, 1, 6.288121223449707], [24, 1, 7.451399326324463], [25, 1, 25.860313415527344], [26, 1, 18.165721893310547], [27, 0, 5.909132957458496], [28, 0, 5.040711879730225], [29, 0, 26.684032440185547], [30, 1, 6.801184177398682], [31, 0, 5.982885837554932], [32, 1, 3.1486124992370605], [33, 1, 10.176393508911133], [34, 1, 5.986323833465576], [35, 1, 4.245261192321777], [36, 0, 4.150559425354004], [37, 1, 7.520330429077148], [38, 1, 6.854546546936035], [39, 1, 6.3449273109436035], [40, 1, 6.6744794845581055], [41, 1, 9.757920265197754], [42, 1, 3.37518048286438], [43, 1, 7.0715436935424805], [44, 1, 13.089276313781738], [45, 1, 5.199714660644531], [46, 1, 11.340705871582031], [47, 1, 5.934486389160156], [48, 1, 26.37364959716797], [49, 1, 6.753155708312988], [50, 1, 5.083493232727051], [51, 1, 10.067961692810059], [52, 1, 8.079022407531738], [53, 1, 25.929981231689453], [54, 1, 17.647666931152344], [55, 1, 4.35459041595459], [56, 1, 4.018764495849609], [57, 0, 7.547826766967773], [58, 0, 7.202287197113037], [59, 1, 8.842498779296875], [60, 0, 6.5781941413879395], [61, 1, 4.799107074737549], [62, 0, 9.599123001098633], [63, 1, 49.12518310546875], [64, 0, 5.293142318725586], [65, 1, 3.620469331741333], [66, 1, 9.94920539855957], [67, 1, 5.677504539489746], [68, 1, 4.143552780151367], [69, 0, 3.4344544410705566], [70, 1, 3.6040492057800293], [71, 1, 2.332200288772583], [72, 0, 2.42997145652771], [73, 1, 6.987452507019043], [74, 0, 5.689543724060059], [75, 1, 5.249934196472168], [76, 1, 4.657742500305176], [77, 1, 4.058109760284424], [78, 1, 22.49666976928711], [79, 1, 6.457031726837158], [80, 1, 2.9155828952789307], [81, 1, 6.4592390060424805], [82, 1, 3.006843090057373], [83, 1, 5.5122389793396], [84, 1, 4.303704261779785], [85, 1, 11.278989791870117], [86, 1, 22.412994384765625], [87, 1, 3.517031669616699], [88, 1, 7.657047748565674], [89, 0, 1.3918788433074951], [90, 1, 3.27396821975708], [91, 1, 10.218328475952148], [92, 1, 4.360008716583252], [93, 1, 2.8940157890319824], [94, 1, 7.915347099304199], [95, 0, 4.880585193634033], [96, 1, 8.307804107666016], [97, 1, 4.054444313049316], [98, 1, 3.9474663734436035], [99, 1, 5.991211891174316], [100, 1, 4.6727190017700195], [101, 1, 5.154786586761475], [102, 1, 3.6990435123443604], [103, 1, 3.4903371334075928], [104, 0, 3.814113140106201], [105, 1, 5.833019256591797], [106, 1, 3.3526363372802734], [107, 1, 4.03642463684082], [108, 1, 11.147783279418945], [109, 0, 2.628451347351074], [110, 1, 21.83922004699707], [111, 1, 6.013858795166016], [112, 1, 5.027318477630615], [113, 1, 13.77994155883789], [114, 1, 5.661931037902832], [115, 1, 3.080840826034546], [116, 1, 11.43430233001709], [117, 1, 42.927330017089844], [118, 1, 5.341507911682129], [119, 0, 5.725698947906494], [120, 1, 9.082937240600586], [121, 1, 4.328824996948242], [122, 1, 3.388436794281006], [123, 1, 2.3035476207733154], [124, 1, 7.755825996398926], [125, 1, 2.9805355072021484], [126, 1, 9.237861633300781], [127, 1, 3.0076851844787598], [128, 1, 19.657045364379883], [129, 1, 7.260875701904297], [130, 1, 3.829249620437622], [131, 1, 3.830267906188965], [132, 1, 7.512339115142822], [133, 1, 3.846949815750122], [134, 1, 7.6664628982543945], [135, 1, 5.887878894805908], [136, 0, 8.117158889770508], [137, 1, 9.612726211547852], [138, 1, 12.892450332641602], [139, 1, 3.211771011352539], [140, 1, 10.342830657958984], [141, 1, 3.5722744464874268], [142, 0, 3.943739414215088], [143, 1, 8.608741760253906], [144, 1, 2.378110885620117], [145, 1, 2.7835564613342285], [146, 1, 17.396512985229492], [147, 1, 5.164514064788818], [148, 1, 4.246601104736328], [149, 1, 8.283415794372559], [150, 1, 5.100975036621094], [151, 1, 13.743085861206055], [152, 1, 5.173089981079102], [153, 1, 3.0550789833068848], [154, 1, 9.61397933959961], [155, 0, 4.785520076751709], [156, 0, 6.305340766906738], [157, 1, 20.38921546936035], [158, 0, 13.178977966308594], [159, 0, 3.9156384468078613], [160, 1, 4.859308242797852], [161, 1, 3.4954938888549805], [162, 1, 4.2002482414245605], [163, 0, 5.343428611755371], [164, 1, 3.2986156940460205], [165, 0, 6.751245498657227], [166, 1, 4.092841148376465], [167, 1, 23.09947395324707], [168, 0, 3.6189723014831543], [169, 1, 13.203495025634766], [170, 1, 9.689617156982422], [171, 1, 7.189836025238037], [172, 1, 7.494193077087402], [173, 1, 4.984409332275391], [174, 0, 4.120342254638672], [175, 0, 12.261880874633789], [176, 0, 19.05771827697754], [177, 1, 23.61988067626953], [178, 1, 7.664045333862305], [179, 1, 4.845254421234131], [180, 0, 7.615691661834717], [181, 1, 4.140117168426514], [182, 0, 9.922744750976562], [183, 1, 5.818009853363037], [184, 1, 5.064936637878418], [185, 1, 3.293938636779785], [186, 1, 11.994529724121094], [187, 1, 9.48906135559082], [188, 0, 13.356868743896484], [189, 1, 18.679302215576172], [190, 1, 10.980863571166992], [191, 1, 5.681397438049316], [192, 1, 7.583040237426758], [193, 1, 4.948220252990723], [194, 1, 8.028572082519531], [195, 0, 5.084606170654297], [196, 1, 3.2252283096313477], [197, 1, 35.43400955200195], [198, 1, 3.5918712615966797], [199, 1, 5.647870063781738], [200, 1, 10.254552841186523], [201, 0, 12.46076774597168], [202, 1, 4.544921875], [203, 1, 5.780918121337891], [204, 1, 8.131978034973145], [205, 0, 14.041824340820312], [206, 1, 2.5180764198303223], [207, 1, 6.972269058227539], [208, 1, 2.5082428455352783], [209, 1, 12.086755752563477], [210, 1, 2.983645439147949], [211, 1, 4.9332475662231445], [212, 0, 4.638064861297607], [213, 0, 3.1774911880493164], [214, 1, 5.996613502502441], [215, 1, 23.447673797607422], [216, 1, 6.8507866859436035], [217, 1, 3.656658172607422], [218, 1, 3.09641695022583], [219, 1, 11.10040283203125], [220, 1, 19.67693328857422], [221, 1, 14.725019454956055], [222, 1, 5.166368007659912], [223, 1, 3.36448073387146], [224, 0, 4.151090621948242], [225, 1, 6.640526294708252], [226, 1, 10.942544937133789], [227, 1, 10.356170654296875], [228, 0, 8.710132598876953], [229, 1, 11.1609468460083], [230, 1, 9.707117080688477], [231, 1, 2.845508337020874], [232, 1, 6.889963150024414], [233, 1, 23.56996726989746], [234, 1, 11.761208534240723], [235, 1, 3.8127927780151367], [236, 0, 7.657721519470215], [237, 1, 4.059720039367676], [238, 0, 4.8297271728515625], [239, 1, 12.728933334350586], [240, 0, 5.783502101898193], [241, 1, 21.847206115722656], [242, 1, 3.61228084564209], [243, 1, 6.677423477172852], [244, 1, 6.027120113372803], [245, 0, 2.719181537628174], [246, 1, 4.93648624420166], [247, 1, 16.91226577758789], [248, 1, 16.04851722717285], [249, 1, 10.940845489501953], [250, 1, 3.8026723861694336], [251, 0, 3.462998867034912], [252, 1, 9.418546676635742], [253, 1, 11.94604778289795], [254, 1, 6.340456485748291], [255, 0, 5.159716606140137], [256, 1, 7.524616241455078], [257, 1, 8.817217826843262], [258, 1, 10.660045623779297], [259, 1, 4.338250160217285], [260, 1, 7.217206001281738], [261, 1, 10.082130432128906], [262, 1, 4.044303894042969], [263, 1, 3.676431655883789], [264, 1, 3.5441699028015137], [265, 1, 7.2456841468811035], [266, 1, 33.64910888671875], [267, 0, 7.195769309997559], [268, 1, 14.359285354614258], [269, 1, 19.177440643310547], [270, 1, 3.562899351119995], [271, 1, 7.255134582519531], [272, 1, 4.870002269744873], [273, 1, 