{"train_time": 2.495781421661377, "test_auc": 0.5688870595229929, "test_time": 0.004076480865478516, "test_scores": [[0, 0, 6.089109420776367], [1, 1, 16.945838928222656], [2, 1, 30.425785064697266], [3, 1, 3.5538034439086914], [4, 0, 9.111116409301758], [5, 0, 10.60197639465332], [6, 1, 4.592219352722168], [7, 1, 22.06050682067871], [8, 1, 6.901043891906738], [9, 1, 14.85847282409668], [10, 1, 5.1248459815979], [11, 1, 4.135663032531738], [12, 0, 7.218609809875488], [13, 1, 30.866634368896484], [14, 0, 6.007662773132324], [15, 0, 4.161304473876953], [16, 1, 3.5207154750823975], [17, 1, 6.968321800231934], [18, 1, 5.495059967041016], [19, 0, 14.888862609863281], [20, 1, 3.072519063949585], [21, 1, 11.518272399902344], [22, 1, 4.274110317230225], [23, 1, 7.756691932678223], [24, 1, 10.925729751586914], [25, 1, 5.636807918548584], [26, 1, 5.644835948944092], [27, 1, 3.935046911239624], [28, 1, 4.216551780700684], [29, 1, 14.08122444152832], [30, 0, 8.789558410644531], [31, 1, 6.8003973960876465], [32, 1, 4.49797248840332], [33, 0, 16.25394058227539], [34, 0, 5.09673547744751], [35, 0, 3.1011788845062256], [36, 1, 5.5988030433654785], [37, 0, 8.046209335327148], [38, 0, 28.49655532836914], [39, 0, 11.443389892578125], [40, 1, 5.668720245361328], [41, 1, 21.642269134521484], [42, 1, 2.6110892295837402], [43, 1, 6.174630165100098], [44, 1, 22.528263092041016], [45, 1, 7.639361381530762], [46, 0, 9.454347610473633], [47, 1, 11.121246337890625], [48, 0, 3.937835454940796], [49, 1, 7.126622200012207], [50, 1, 6.24076509475708], [51, 1, 19.88550567626953], [52, 1, 7.905413627624512], [53, 1, 4.445023536682129], [54, 1, 4.257687568664551], [55, 1, 3.762589931488037], [56, 0, 7.3383049964904785], [57, 1, 11.598197937011719], [58, 1, 7.43662166595459], [59, 0, 4.992488861083984], [60, 1, 5.021326065063477], [61, 1, 11.970346450805664], [62, 1, 34.84092330932617], [63, 1, 42.517921447753906], [64, 1, 14.432849884033203], [65, 1, 10.70827865600586], [66, 1, 15.259675979614258], [67, 1, 5.375601768493652], [68, 0, 4.491372108459473], [69, 1, 10.695703506469727], [70, 0, 6.298770427703857], [71, 0, 24.84516143798828], [72, 1, 5.807376384735107], [73, 1, 8.202826499938965], [74, 1, 7.899121284484863], [75, 1, 6.232615947723389], [76, 1, 4.510066986083984], [77, 0, 6.783624649047852], [78, 0, 8.110651016235352], [79, 1, 3.849956750869751], [80, 1, 20.085968017578125], [81, 0, 10.980953216552734], [82, 1, 7.451010227203369], [83, 0, 6.601044178009033], [84, 0, 3.2980523109436035], [85, 1, 6.014313697814941], [86, 1, 17.69221305847168], [87, 1, 5.38157844543457], [88, 1, 4.707024574279785], [89, 1, 4.243836402893066], [90, 1, 24.915637969970703], [91, 1, 6.913434028625488], [92, 0, 6.962253570556641], [93, 0, 5.352476119995117], [94, 1, 17.131916046142578], [95, 1, 17.607839584350586], [96, 0, 10.023195266723633], [97, 1, 4.405409336090088], [98, 1, 22.457361221313477], [99, 1, 9.096147537231445], [100, 1, 5.388876438140869], [101, 1, 4.308311462402344], [102, 1, 11.6124267578125], [103, 1, 15.12106704711914], [104, 1, 4.581577777862549], [105, 1, 5.545591831207275], [106, 0, 7.350982189178467], [107, 1, 11.125890731811523], [108, 0, 4.001491069793701], [109, 1, 9.958094596862793], [110, 1, 6.628974914550781], [111, 1, 8.816716194152832], [112, 0, 5.730062007904053], [113, 1, 6.57973051071167], [114, 1, 8.98519515991211], [115, 1, 6.517788410186768], [116, 0, 10.181493759155273], [117, 1, 19.938631057739258], [118, 0, 5.479491233825684], [119, 1, 7.230403900146484], [120, 0, 9.771928787231445], [121, 0, 6.046546936035156], [122, 1, 14.679612159729004], [123, 1, 4.796274662017822], [124, 0, 4.427858829498291], [125, 1, 6.257843971252441], [126, 0, 6.145672798156738], [127, 0, 4.697808265686035], [128, 1, 9.506023406982422], [129, 0, 9.717226028442383], [130, 0, 6.277616024017334], [131, 1, 4.107522487640381], [132, 1, 19.354583740234375], [133, 1, 6.767508029937744], [134, 1, 6.769974231719971], [135, 1, 7.1335883140563965], [136, 1, 13.764688491821289], [137, 1, 5.554471492767334], [138, 1, 7.138209342956543], [139, 1, 8.22457504272461], [140, 1, 4.501547336578369], [141, 1, 11.531105041503906], [142, 1, 7.442807674407959], [143, 1, 6.865839004516602], [144, 1, 3.86838960647583], [145, 1, 4.708164215087891], [146, 1, 33.20868682861328], [147, 1, 8.115396499633789], [148, 1, 7.553578853607178], [149, 1, 7.918689727783203], [150, 1, 34.27581024169922], [151, 1, 12.228296279907227], [152, 1, 14.26791000366211], [153, 0, 6.372877597808838], [154, 1, 6.271838188171387], [155, 1, 19.502212524414062], [156, 1, 11.5949125289917], [157, 1, 6.4726057052612305], [158, 1, 9.78823471069336], [159, 1, 4.452575206756592], [160, 1, 5.372581481933594], [161, 1, 3.840186834335327], [162, 0, 10.936980247497559], [163, 1, 8.992535591125488], [164, 1, 5.060883522033691], [165, 1, 7.367025375366211], [166, 0, 5.713531494140625], [167, 1, 51.69145965576172], [168, 1, 7.554984092712402], [169, 1, 64.7791976928711], [170, 0, 16.718093872070312], [171, 0, 3.0911097526550293], [172, 0, 6.1828789710998535], [173, 1, 7.888793468475342], [174, 1, 10.164379119873047], [175, 1, 12.059078216552734], [176, 1, 21.918350219726562], [177, 0, 6.580810546875], [178, 1, 22.50039291381836], [179, 0, 6.719031810760498], [180, 1, 9.847393035888672], [181, 1, 6.890676975250244], [182, 1, 3.6718239784240723], [183, 1, 7.066915512084961], [184, 1, 5.679320812225342], [185, 1, 12.149332046508789], [186, 1, 7.197633743286133], [187, 1, 7.145991325378418], [188, 1, 14.867071151733398], [189, 1, 8.666156768798828], [190, 1, 13.810253143310547], [191, 0, 3.9213504791259766], [192, 0, 8.684881210327148], [193, 0, 7.733181476593018], [194, 1, 10.240436553955078], [195, 1, 8.28309440612793], [196, 1, 8.702180862426758], [197, 1, 13.589910507202148], [198, 1, 27.16366958618164], [199, 1, 11.764902114868164], [200, 1, 2.872203826904297], [201, 1, 4.923366546630859], [202, 1, 4.281148910522461], [203, 1, 24.141407012939453], [204, 0, 10.010382652282715], [205, 1, 3.2497968673706055], [206, 1, 2.6345927715301514], [207, 0, 4.8677778244018555], [208, 1, 19.096824645996094], [209, 1, 6.655063152313232], [210, 0, 7.507763862609863], [211, 0, 5.803682327270508], [212, 1, 7.9838104248046875], [213, 1, 3.505042314529419], [214, 1, 8.061482429504395], [215, 1, 5.8265228271484375], [216, 1, 5.053934097290039], [217, 1, 4.812155723571777], [218, 0, 5.650094509124756], [219, 1, 6.818897724151611], [220, 1, 7.450408458709717], [221, 0, 10.865665435791016], [222, 1, 7.5575761795043945], [223, 1, 5.924617767333984], [224, 1, 4.532970905303955], [225, 1, 3.234374761581421], [226, 0, 6.275781631469727], [227, 1, 14.605878829956055], [228, 1, 5.724292755126953], [229, 1, 6.381600379943848], [230, 0, 7.11177921295166], [231, 1, 4.420522689819336], [232, 1, 4.397470474243164], [233, 0, 3.521172523498535], [234, 1, 19.501413345336914], [235, 1, 5.086792945861816], [236, 1, 5.921318054199219], [237, 1, 11.191071510314941], [238, 1, 11.497594833374023], [239, 0, 3.2355239391326904], [240, 1, 17.542518615722656], [241, 1, 4.8807830810546875], [242, 1, 9.69040584564209], [243, 1, 11.531051635742188], [244, 1, 21.487377166748047], [245, 1, 7.722249507904053], [246, 1, 7.1513671875], [247, 1, 5.909205913543701], [248, 1, 8.143108367919922], [249, 1, 6.2368268966674805], [250, 1, 4.313311576843262], [251, 1, 6.531414985656738], [252, 1, 2.5808792114257812], [253, 1, 4.267696380615234], [254, 1, 46.4706916809082], [255, 1, 4.878442287445068], [256, 0, 7.4700727462768555], [257, 1, 22.438438415527344], [258, 1, 5.457576751708984], [259, 0, 9.732805252075195], [260, 1, 8.836851119995117], [261, 1, 12.373701095581055], [262, 0, 3.7885966300964355], [263, 1, 16.58160972595215], [264, 0, 10.01081657409668], [265, 1, 10.83810043334961], [266, 1, 34.527198791503906], [267, 1, 19.621341705322266], [268, 0, 10.072227478027344], [269, 1, 4.961915016174316], [270, 1, 4.87989616394043], [271, 1, 37.79500198364258], [272, 1, 4.671168327331543], [273, 1, 