{"train_time": 3.5095772743225098, "test_auc": 0.6459062776304156, "test_time": 0.004230499267578125, "test_scores": [[0, 1, 8.919770240783691], [1, 1, 2.224501609802246], [2, 0, 2.7677676677703857], [3, 1, 4.683795928955078], [4, 1, 6.711578369140625], [5, 1, 3.4996461868286133], [6, 0, 2.6577682495117188], [7, 1, 3.2721242904663086], [8, 1, 3.125235080718994], [9, 1, 15.992692947387695], [10, 1, 5.910231113433838], [11, 0, 3.4944612979888916], [12, 1, 3.575777530670166], [13, 0, 7.432193756103516], [14, 1, 5.07927131652832], [15, 1, 4.225863456726074], [16, 1, 2.36757755279541], [17, 0, 3.532674551010132], [18, 1, 3.0144052505493164], [19, 1, 4.577775001525879], [20, 0, 4.530730247497559], [21, 1, 7.599303722381592], [22, 1, 8.4351806640625], [23, 1, 6.2094621658325195], [24, 1, 10.363265991210938], [25, 0, 3.146116018295288], [26, 1, 2.094104766845703], [27, 1, 3.3384811878204346], [28, 1, 6.274051666259766], [29, 1, 2.8808517456054688], [30, 1, 5.748227119445801], [31, 1, 8.91746997833252], [32, 1, 1.7057099342346191], [33, 1, 3.189741849899292], [34, 1, 11.583454132080078], [35, 1, 2.8474299907684326], [36, 1, 3.004181385040283], [37, 1, 2.711259365081787], [38, 1, 2.667668581008911], [39, 1, 5.131709098815918], [40, 1, 1.874971628189087], [41, 1, 1.8946723937988281], [42, 1, 2.0442821979522705], [43, 1, 20.983135223388672], [44, 1, 2.6760237216949463], [45, 1, 6.612126350402832], [46, 1, 15.060812950134277], [47, 1, 1.5145010948181152], [48, 1, 19.428489685058594], [49, 0, 3.3427975177764893], [50, 1, 5.0152177810668945], [51, 0, 2.4029123783111572], [52, 0, 2.7254080772399902], [53, 1, 2.2371139526367188], [54, 1, 2.148637533187866], [55, 1, 2.609985589981079], [56, 1, 4.293092727661133], [57, 1, 11.879552841186523], [58, 1, 2.371368885040283], [59, 1, 3.5821261405944824], [60, 1, 4.078587532043457], [61, 0, 5.6830854415893555], [62, 1, 5.279452800750732], [63, 1, 5.414729118347168], [64, 1, 2.7066822052001953], [65, 0, 1.4806593656539917], [66, 1, 4.507505893707275], [67, 1, 6.426124095916748], [68, 1, 1.908103108406067], [69, 1, 1.5868995189666748], [70, 1, 11.946141242980957], [71, 1, 3.2382867336273193], [72, 1, 4.372798919677734], [73, 0, 2.905215263366699], [74, 1, 3.992497682571411], [75, 1, 6.899500846862793], [76, 1, 3.7331104278564453], [77, 1, 4.34982442855835], [78, 1, 7.443992614746094], [79, 0, 2.370680332183838], [80, 1, 3.8244614601135254], [81, 1, 2.701500177383423], [82, 0, 10.344491958618164], [83, 1, 2.8806204795837402], [84, 1, 5.665348529815674], [85, 1, 1.2872912883758545], [86, 1, 2.0166664123535156], [87, 0, 4.58950138092041], [88, 1, 3.3837461471557617], [89, 1, 2.794121503829956], [90, 1, 10.68275260925293], [91, 1, 2.8311479091644287], [92, 1, 4.466944694519043], [93, 1, 2.51546573638916], [94, 0, 16.088449478149414], [95, 1, 1.851250171661377], [96, 1, 3.1507084369659424], [97, 1, 2.2805280685424805], [98, 1, 4.045706748962402], [99, 1, 5.780130863189697], [100, 1, 1.7655727863311768], [101, 0, 1.5421630144119263], [102, 1, 4.443794250488281], [103, 0, 1.7286674976348877], [104, 1, 2.3834829330444336], [105, 1, 12.884695053100586], [106, 1, 3.8727951049804688], [107, 1, 4.2424821853637695], [108, 1, 2.751584529876709], [109, 1, 2.5328783988952637], [110, 1, 9.658834457397461], [111, 1, 4.834524154663086], [112, 1, 3.3501524925231934], [113, 0, 2.256614923477173], [114, 1, 2.781355381011963], [115, 0, 3.50106143951416], [116, 1, 4.026443958282471], [117, 1, 4.004786968231201], [118, 1, 3.571441411972046], [119, 1, 2.6678125858306885], [120, 1, 5.40267276763916], [121, 1, 3.058532476425171], [122, 1, 1.992625117301941], [123, 0, 2.5849859714508057], [124, 1, 14.248098373413086], [125, 0, 1.7611740827560425], [126, 1, 2.629049301147461], [127, 1, 8.14149284362793], [128, 1, 5.015158653259277], [129, 1, 4.073667526245117], [130, 1, 6.4024529457092285], [131, 0, 1.982295036315918], [132, 1, 4.495729446411133], [133, 1, 2.3303213119506836], [134, 1, 2.9347763061523438], [135, 1, 6.841390132904053], [136, 1, 8.941732406616211], [137, 0, 1.4612972736358643], [138, 0, 4.481842517852783], [139, 1, 2.2537894248962402], [140, 1, 1.6399290561676025], [141, 1, 4.476899147033691], [142, 1, 1.8062047958374023], [143, 1, 6.369518756866455], [144, 1, 1.5233361721038818], [145, 1, 2.8284311294555664], [146, 0, 3.172600269317627], [147, 1, 5.340794563293457], [148, 1, 1.9542431831359863], [149, 1, 7.944577693939209], [150, 1, 15.879216194152832], [151, 0, 1.673218011856079], [152, 1, 4.0713958740234375], [153, 1, 6.279214382171631], [154, 0, 5.599045753479004], [155, 1, 7.495622158050537], [156, 1, 2.265864133834839], [157, 1, 2.8913774490356445], [158, 1, 3.035656690597534], [159, 1, 2.2989583015441895], [160, 1, 3.113553524017334], [161, 1, 9.634986877441406], [162, 1, 4.386562347412109], [163, 1, 2.955984354019165], [164, 1, 3.115363836288452], [165, 1, 2.480165481567383], [166, 1, 2.205874443054199], [167, 1, 5.380749225616455], [168, 1, 3.5892417430877686], [169, 0, 2.276731014251709], [170, 1, 10.955398559570312], [171, 1, 2.671611785888672], [172, 1, 3.1998610496520996], [173, 1, 3.7998909950256348], [174, 1, 1.8456984758377075], [175, 1, 3.186147451400757], [176, 1, 18.615257263183594], [177, 1, 2.0360679626464844], [178, 1, 2.5439133644104004], [179, 1, 2.483144998550415], [180, 1, 10.847822189331055], [181, 1, 3.2827906608581543], [182, 1, 4.880725860595703], [183, 1, 7.542107105255127], [184, 1, 2.9933700561523438], [185, 0, 5.522347450256348], [186, 0, 1.6559185981750488], [187, 1, 9.435586929321289], [188, 1, 1.6193516254425049], [189, 1, 2.5771737098693848], [190, 1, 4.262541770935059], [191, 1, 3.1444740295410156], [192, 1, 2.6165127754211426], [193, 1, 12.651862144470215], [194, 1, 4.50222635269165], [195, 1, 2.7729132175445557], [196, 1, 3.09147572517395], [197, 0, 4.390913963317871], [198, 1, 2.370274066925049], [199, 1, 6.549354076385498], [200, 1, 2.325808525085449], [201, 1, 3.2317514419555664], [202, 0, 2.0599818229675293], [203, 1, 3.18859601020813], [204, 1, 1.984724521636963], [205, 1, 2.681088447570801], [206, 0, 1.1110550165176392], [207, 1, 3.9164836406707764], [208, 1, 2.036804437637329], [209, 1, 3.9638350009918213], [210, 1, 3.0448436737060547], [211, 1, 8.383258819580078], [212, 1, 3.2330820560455322], [213, 1, 5.298880577087402], [214, 1, 5.172634601593018], [215, 1, 19.947444915771484], [216, 1, 2.878807783126831], [217, 1, 3.000190019607544], [218, 1, 2.718824625015259], [219, 1, 7.245047569274902], [220, 1, 6.238750457763672], [221, 1, 3.520005226135254], [222, 1, 2.6796088218688965], [223, 1, 3.1254608631134033], [224, 1, 3.505185604095459], [225, 1, 4.394015789031982], [226, 1, 2.125253677368164], [227, 1, 3.7936668395996094], [228, 1, 4.9597625732421875], [229, 0, 3.8083271980285645], [230, 1, 1.4575082063674927], [231, 0, 2.7835381031036377], [232, 1, 10.39933967590332], [233, 1, 8.54722785949707], [234, 1, 3.809114933013916], [235, 1, 4.784412384033203], [236, 1, 16.806049346923828], [237, 1, 1.5202916860580444], [238, 1, 4.282461166381836], [239, 1, 3.84116792678833], [240, 1, 6.491618633270264], [241, 1, 1.5925092697143555], [242, 1, 10.908964157104492], [243, 1, 3.5830466747283936], [244, 1, 9.649978637695312], [245, 1, 3.179969072341919], [246, 1, 1.737882375717163], [247, 1, 2.3570268154144287], [248, 1, 1.9896265268325806], [249, 1, 1.8168423175811768], [250, 0, 2.3054561614990234], [251, 1, 5.905923366546631], [252, 1, 1.899371862411499], [253, 1, 2.171010971069336], [254, 1, 6.299768447875977], [255, 1, 1.9612641334533691], [256, 1, 5.007539749145508], [257, 1, 13.27834701538086], [258, 1, 1.997668743133545], [259, 1, 3.5805840492248535], [260, 0, 4.3615217208862305], [261, 0, 4.16074275970459], [262, 1, 5.09351110458374], [263, 1, 2.1980276107788086], [264, 1, 5.075508117675781], [265, 1, 6.716411113739014], [266, 1, 18.293121337890625], [267, 1, 2.9041073322296143], [268, 1, 9.70992374420166], [269, 1, 1.9524400234222412], [270, 1, 13.0166654586792], [271, 1, 2.5181703567504883], 