{"train_time": 0.4465038776397705, "test_auc": 0.9771441502602398, "test_time": 0.004203081130981445, "test_scores": [[0, 1, 63.38400650024414], [1, 1, 31.191673278808594], [2, 1, 16.861801147460938], [3, 1, 43.4919319152832], [4, 1, 19.288375854492188], [5, 1, 55.4808235168457], [6, 1, 47.115623474121094], [7, 1, 89.3707046508789], [8, 1, 48.11929702758789], [9, 1, 108.82025146484375], [10, 1, 34.61399459838867], [11, 1, 17.789657592773438], [12, 1, 68.23208618164062], [13, 1, 212.57720947265625], [14, 1, 40.445716857910156], [15, 1, 195.6942138671875], [16, 1, 24.270530700683594], [17, 1, 32.99189758300781], [18, 1, 103.3377914428711], [19, 1, 33.95189666748047], [20, 1, 41.621612548828125], [21, 1, 19.174213409423828], [22, 1, 39.22715377807617], [23, 1, 48.25183868408203], [24, 1, 40.75485610961914], [25, 1, 43.052490234375], [26, 1, 30.501359939575195], [27, 1, 24.038049697875977], [28, 1, 27.90615463256836], [29, 1, 23.255714416503906], [30, 1, 71.35629272460938], [31, 1, 41.472984313964844], [32, 1, 18.554988861083984], [33, 1, 19.414201736450195], [34, 1, 44.13324737548828], [35, 1, 69.19789123535156], [36, 1, 43.839820861816406], [37, 1, 105.71894836425781], [38, 1, 44.490814208984375], [39, 1, 61.752845764160156], [40, 1, 24.781953811645508], [41, 1, 13.714716911315918], [42, 1, 9.169995307922363], [43, 1, 70.65245056152344], [44, 1, 45.91661071777344], [45, 1, 24.85635757446289], [46, 1, 46.309303283691406], [47, 1, 16.496383666992188], [48, 1, 26.408851623535156], [49, 1, 33.22174072265625], [50, 1, 136.5939483642578], [51, 1, 67.02284240722656], [52, 1, 88.49564361572266], [53, 1, 50.37676239013672], [54, 1, 23.336761474609375], [55, 1, 16.282739639282227], [56, 1, 40.5908088684082], [57, 1, 32.813072204589844], [58, 1, 20.547626495361328], [59, 1, 194.54959106445312], [60, 1, 38.46990966796875], [61, 1, 33.19445037841797], [62, 1, 78.74522399902344], [63, 1, 72.77721405029297], [64, 1, 23.88079833984375], [65, 1, 22.001951217651367], [66, 1, 202.50723266601562], [67, 1, 52.62104797363281], [68, 1, 49.97892761230469], [69, 1, 25.656326293945312], [70, 1, 22.415742874145508], [71, 1, 18.68395233154297], [72, 1, 60.205535888671875], [73, 1, 37.36027145385742], [74, 1, 33.10452651977539], [75, 1, 20.096904754638672], [76, 1, 28.938644409179688], [77, 1, 82.10437774658203], [78, 1, 40.06910705566406], [79, 1, 34.13031768798828], [80, 1, 16.928916931152344], [81, 1, 100.8270034790039], [82, 1, 37.05369567871094], [83, 1, 33.35639190673828], [84, 1, 47.15400695800781], [85, 1, 91.09254455566406], [86, 1, 30.398595809936523], [87, 1, 77.62869262695312], [88, 1, 16.996753692626953], [89, 1, 33.08622741699219], [90, 1, 31.388103485107422], [91, 1, 28.21784210205078], [92, 1, 59.273155212402344], [93, 1, 23.548160552978516], [94, 1, 47.66693115234375], [95, 1, 22.963916778564453], [96, 1, 24.151012420654297], [97, 1, 22.03150749206543], [98, 1, 38.43678283691406], [99, 1, 150.82183837890625], [100, 1, 61.01587677001953], [101, 1, 48.122215270996094], [102, 1, 32.983367919921875], [103, 1, 77.13188171386719], [104, 1, 24.777606964111328], [105, 1, 11.204170227050781], [106, 1, 42.042396545410156], [107, 1, 44.08293151855469], [108, 1, 28.45566177368164], [109, 1, 99.49807739257812], [110, 1, 84.5892333984375], [111, 1, 27.33335304260254], [112, 1, 15.428807258605957], [113, 1, 49.628273010253906], [114, 1, 30.691890716552734], [115, 1, 34.83579635620117], [116, 1, 18.980161666870117], [117, 1, 145.05087280273438], [118, 1, 45.91167449951172], [119, 1, 27.9516544342041], [120, 1, 45.96080780029297], [121, 1, 31.7049560546875], [122, 1, 24.326038360595703], [123, 1, 20.637451171875], [124, 1, 24.61469078063965], [125, 1, 38.015342712402344], [126, 1, 28.922910690307617], [127, 1, 34.11064910888672], [128, 1, 101.0511474609375], [129, 1, 70.82747650146484], [130, 1, 113.09361267089844], [131, 1, 61.74456024169922], [132, 1, 39.054256439208984], [133, 1, 62.089881896972656], [134, 1, 25.0585880279541], [135, 1, 36.821285247802734], [136, 1, 20.42531967163086], [137, 1, 26.821752548217773], [138, 1, 211.43942260742188], [139, 1, 56.3657341003418], [140, 1, 16.988327026367188], [141, 1, 78.03460693359375], [142, 1, 24.834957122802734], [143, 1, 27.490230560302734], [144, 1, 29.44454002380371], [145, 1, 77.2071533203125], [146, 1, 36.65641784667969], [147, 1, 74.28507995605469], [148, 1, 27.360244750976562], [149, 1, 23.878074645996094], [150, 1, 29.35402488708496], [151, 1, 16.149099349975586], [152, 1, 97.29574584960938], [153, 1, 60.63539505004883], [154, 1, 136.08387756347656], [155, 1, 23.64988899230957], [156, 1, 23.911479949951172], [157, 1, 28.084880828857422], [158, 1, 26.207103729248047], [159, 1, 19.167617797851562], [160, 1, 56.508827209472656], [161, 1, 45.952518463134766], [162, 1, 101.04777526855469], [163, 1, 50.451881408691406], [164, 1, 49.654537200927734], [165, 1, 38.10588073730469], [166, 1, 20.437253952026367], [167, 1, 22.3275146484375], [168, 1, 64.09565734863281], [169, 1, 18.50572967529297], [170, 1, 52.0103759765625], [171, 1, 40.398406982421875], [172, 1, 44.59248733520508], [173, 1, 22.469249725341797], [174, 1, 19.429393768310547], [175, 1, 43.73593521118164], [176, 1, 48.078147888183594], [177, 1, 29.46146011352539], [178, 1, 38.44596862792969], [179, 1, 41.376014709472656], [180, 1, 35.61561584472656], [181, 1, 28.810810089111328], [182, 1, 21.07696533203125], [183, 1, 40.884681701660156], [184, 1, 39.52225112915039], [185, 1, 22.77236557006836], [186, 1, 47.80112838745117], [187, 1, 52.86526107788086], [188, 1, 18.288143157958984], [189, 1, 20.589630126953125], [190, 1, 23.737548828125], [191, 1, 68.34198760986328], [192, 1, 77.2525863647461], [193, 1, 89.30274963378906], [194, 1, 56.11765670776367], [195, 1, 14.708843231201172], [196, 1, 41.209930419921875], [197, 1, 153.19473266601562], [198, 1, 34.46208190917969], [199, 1, 39.61238098144531], [200, 1, 58.10309600830078], [201, 1, 47.99889373779297], [202, 1, 19.285324096679688], [203, 1, 65.8792495727539], [204, 1, 20.389568328857422], [205, 1, 43.95269775390625], [206, 1, 20.52052116394043], [207, 1, 33.16658020019531], [208, 1, 41.810401916503906], [209, 1, 24.02798843383789], [210, 1, 20.42646026611328], [211, 1, 66.14839172363281], [212, 1, 30.794185638427734], [213, 1, 26.722095489501953], [214, 1, 14.948619842529297], [215, 1, 26.45648193359375], [216, 1, 28.886749267578125], [217, 1, 11.810108184814453], [218, 1, 31.435134887695312], [219, 1, 34.515377044677734], [220, 1, 62.70006561279297], [221, 1, 50.01782989501953], [222, 1, 72.88798522949219], [223, 1, 19.8966064453125], [224, 1, 29.617446899414062], [225, 1, 31.43568229675293], [226, 1, 26.869583129882812], [227, 1, 33.46862030029297], [228, 1, 20.907697677612305], [229, 1, 18.53449058532715], [230, 1, 20.438539505004883], [231, 1, 18.134868621826172], [232, 1, 18.856380462646484], [233, 1, 48.737857818603516], [234, 1, 23.82895278930664], [235, 1, 44.98557662963867], [236, 1, 52.30425262451172], [237, 1, 25.877056121826172], [238, 1, 49.05433654785156], [239, 1, 47.12158203125], [240, 1, 32.57896041870117], [241, 1, 22.312307357788086], [242, 1, 20.40597915649414], [243, 1, 57.57518768310547], [244, 1, 22.260135650634766], [245, 1, 80.05005645751953], [246, 1, 32.79849624633789], [247, 1, 24.90053939819336], [248, 1, 28.427555084228516], [249, 1, 67.35939025878906], [250, 1, 157.47364807128906], [251, 1, 22.15042495727539], [252, 1, 22.006744384765625], [253, 1, 23.37492561340332], [254, 1, 21.0261173248291], [255, 1, 22.661884307861328], [256, 1, 25.996158599853516], [257, 1, 33.875648498535156], [258, 1, 17.664417266845703], [259, 1, 114.79437255859375], [260, 1, 119.98963928222656], [261, 1, 31.306068420410156], [262, 1, 42.949764251708984], [263, 1, 21.233182907104492], [264, 1, 32.812652587890625], [265, 1, 15.305400848388672], [266, 1, 27.034278869628906], [267, 1, 31.81341552734375], [268, 1, 105.21760559082031], [269, 1, 23.72942352294922], [270, 1, 38.183837890625], [271, 1, 21.28491973876953], 